{"chunk_definitions":[{"row":15,"row_count":1,"visible":true,"expansion_state":0,"options":{"engine":"r","label":"setup","include":false},"document_id":"9C159B8A","chunk_id":"csetup_chunk","chunk_label":"setup"},{"row":35,"row_count":1,"visible":true,"expansion_state":0,"options":{"engine":"r","label":"unnamed-chunk-78"},"document_id":"9C159B8A","chunk_id":"cnum64i7kpx70","chunk_label":"unnamed-chunk-1"},{"row":58,"row_count":1,"visible":true,"expansion_state":0,"options":{"engine":"r","include":false,"echo":false,"label":"unnamed-chunk-80"},"document_id":"9C159B8A","chunk_id":"cmyx3o5rqi0sm","chunk_label":"unnamed-chunk-2"},{"row":94,"row_count":1,"visible":true,"expansion_state":0,"options":{"engine":"r","include":false,"echo":false,"label":"unnamed-chunk-81"},"document_id":"9C159B8A","chunk_id":"c03f1y4mbxeic","chunk_label":"unnamed-chunk-3"},{"row":99,"row_count":1,"visible":true,"expansion_state":0,"options":{"engine":"r","echo":false,"label":"unnamed-chunk-82"},"document_id":"9C159B8A","chunk_id":"cswe8705sw88u","chunk_label":"unnamed-chunk-4"},{"row":103,"row_count":1,"visible":true,"expansion_state":0,"options":{"engine":"r","include":false,"echo":false,"label":"unnamed-chunk-178"},"document_id":"9C159B8A","chunk_id":"cl95804e9cfmp","chunk_label":"unnamed-chunk-5"},{"row":112,"row_count":1,"visible":true,"expansion_state":0,"options":{"engine":"r","echo":false,"label":"unnamed-chunk-84"},"document_id":"9C159B8A","chunk_id":"c87g8lkeovriz","chunk_label":"unnamed-chunk-6"},{"row":123,"row_count":1,"visible":true,"expansion_state":0,"options":{"engine":"r","echo":false,"fig.align":"center","label":"unnamed-chunk-174"},"document_id":"9C159B8A","chunk_id":"cgemmmr4qtcu9","chunk_label":"unnamed-chunk-7"},{"row":162,"row_count":1,"visible":true,"expansion_state":0,"options":{"engine":"r","echo":false,"fig.align":"center","label":"unnamed-chunk-179"},"document_id":"9C159B8A","chunk_id":"chbtwvpvt24p1","chunk_label":"unnamed-chunk-11"},{"row":166,"row_count":1,"visible":true,"expansion_state":0,"options":{"engine":"r","label":"unnamed-chunk-163"},"document_id":"9C159B8A","chunk_id":"c9x3txcru6wui","chunk_label":"unnamed-chunk-12"}],"doc_write_time":1659586987,"working_dir":null,"default_chunk_options":{"echo":true}}