"0","# descritiva <- function(df, variavel, grupo) {"
"0","#   variavel <- dplyr::sym(variavel)"
"0","#   grupo <- dplyr::sym(grupo)"
"0","#   "
"0","#   "
"0","#   resultado <- df %>% "
"0","#       dplyr::group_by(!!grupo) %>% "
"0","#       dplyr::summarise(""Mediana"" = round(median(!!variavel), 2),"
"0","#     									 ""Média"" = round(mean(!!variavel), 2),"
"0","#     									 ""Mínimo"" = round(min(!!variavel), 2),"
"0","#     									 ""Máximo"" = round(max(!!variavel), 2),"
"0","#     									 ""Desvio Padrão"" = round(sd(!!variavel), 2),"
"0","#     									 ""Variância"" = round(var(!!variavel), 2))"
"0","#     resultado[, ""Variável""] <- variavel"
"0","#     resultado <- resultado %>% dplyr::relocate(""Variável"", .before = 1)  "
"0","#   return(resultado)"
"0","# }"
