"0","Anova <- function(df, Formula, label) {"
"0","  fit <- aov(formula(Formula), data = df)"
"0","  fitSumm <- summary(fit)[[1]]"
"0","  fitSumm[,""Variável""] <- row.names(fitSumm)"
"0","  fitSumm <- fitSumm %>% dplyr::relocate(""Variável"", .before = 1)"
"0","  row.names(fitSumm) <- NULL"
"0","  colnames(fitSumm) <- c("
"0","    ""Variável"","
"0","    ""Graus de Liberdade"","
"0","    ""Soma dos Quadrados"","
"0","    ""Média SQ"","
"0","    ""Valor F"","
"0","    ""P Valor"""
"0","  )"
"0","  "
"0","  fitSumm[,3:6] <- round(fitSumm[,3:6], 3)"
"0","  "
"0","  for (i in 1:length(label)) fitSumm[i, 1] <- label[i]"
"0","  "
"0","  fitSumm[nrow(fitSumm), 1] <- ""Resíduos"""
"0","  "
"0","  fitSumm[is.na(fitSumm)] <- """""
"0","  "
"0","  return(list(fit, fitSumm))"
"0","}"
"0",""
"0",""
"0","boxplot <- function(df, Y, X, grupo = NULL, Title = NULL, labelY = Y, labelX = X, legend = grupo) {"
"0","  if (is.null(Title)) Title <- """""
"0","  "
"0","  if (is.null(grupo)) {"
"0","    "
"0","    grafico <- ggplot(df, aes(y = !!sym(Y), x = !!sym(X))) +"
"0","      geom_boxplot(fill = c(""#3c61b0"")) +"
"0","      theme_bw() +"
"0","      labs("
"0","        title = Title,"
"0","        y = labelY,"
"0","        x = labelX"
"0","      ) +"
"0","      theme("
"0","        plot.title = element_text(color = ""#000000"", size = 16, face = ""bold"", hjust = 0.5),"
"0","        axis.title.x = element_text(face = ""bold""),"
"0","        axis.title.y = element_text(face = ""bold""),"
"0","        axis.text.x = element_text(face = ""bold""),"
"0","        axis.text.y = element_text(face = ""bold"")"
"0","      )"
"0","    "
"0","  } else {"
"0","    "
"0","    grafico <- ggplot(df, aes(y = !!sym(Y), x = !!sym(X), fill = !!sym(grupo))) +"
"0","      geom_boxplot() +"
"0","      theme_bw() +"
"0","      labs("
"0","        title = Title,"
"0","        y = labelY,"
"0","        x = labelX,"
"0","        fill = legend"
"0","      ) +"
"0","      theme("
"0","        plot.title = element_text(color = ""#000000"", size = 16, face = ""bold"", hjust = 0.5),"
"0","        axis.title.x = element_text(face = ""bold""),"
"0","        axis.title.y = element_text(face = ""bold""),"
"0","        axis.text.x = element_text(face = ""bold""),"
"0","        axis.text.y = element_text(face = ""bold"")"
"0","      ) +"
"0","      scale_fill_manual(values = c(""#3c61b0"", ""#7197eb""))"
"0","    "
"0","  }"
"0","  "
"0","  return(grafico)"
"0","}"
