{"working_dir":null,"default_chunk_options":{"echo":false,"warning":false,"message":false},"chunk_definitions":[{"row":20,"row_count":1,"visible":true,"expansion_state":0,"options":{"engine":"r","label":"setup","include":false},"document_id":"7DBF16E8","chunk_id":"csetup_chunk","chunk_label":"setup"},{"row":26,"row_count":1,"visible":true,"expansion_state":0,"options":{"engine":"r","include":false,"echo":false,"label":"unnamed-chunk-6"},"document_id":"7DBF16E8","chunk_id":"cp9fq6pl81zbh","chunk_label":"unnamed-chunk-1"},{"row":161,"row_count":1,"visible":true,"expansion_state":0,"options":{"engine":"r","echo":false,"fig.align":"center","label":"unnamed-chunk-7"},"document_id":"7DBF16E8","chunk_id":"cfa1h4onymcd3","chunk_label":"unnamed-chunk-2"},{"row":172,"row_count":1,"visible":true,"expansion_state":0,"options":{"engine":"r","echo":false,"fig.align":"center","label":"unnamed-chunk-8"},"document_id":"7DBF16E8","chunk_id":"cwrlexx3y4g4x","chunk_label":"unnamed-chunk-3"},{"row":181,"row_count":1,"visible":true,"expansion_state":0,"options":{"engine":"r","echo":false,"label":"unnamed-chunk-9"},"document_id":"7DBF16E8","chunk_id":"cimi4dxenon20","chunk_label":"unnamed-chunk-4"},{"row":192,"row_count":1,"visible":true,"expansion_state":0,"options":{"engine":"r","fig.align":"center","label":"unnamed-chunk-10"},"document_id":"7DBF16E8","chunk_id":"cn341hys4fzi9","chunk_label":"unnamed-chunk-5"},{"row":210,"row_count":1,"visible":true,"expansion_state":0,"options":{},"document_id":"7DBF16E8","chunk_id":"ccecn4ol9knf4","chunk_label":"unnamed-chunk-6"},{"row":221,"row_count":1,"visible":true,"expansion_state":0,"options":{},"document_id":"7DBF16E8","chunk_id":"c3ix6yvzkmq60","chunk_label":"unnamed-chunk-7"},{"row":230,"row_count":1,"visible":true,"expansion_state":0,"options":{},"document_id":"7DBF16E8","chunk_id":"coe1gttjcza53","chunk_label":"unnamed-chunk-8"},{"row":242,"row_count":1,"visible":true,"expansion_state":0,"options":{},"document_id":"7DBF16E8","chunk_id":"c2y0g6cx4di3y","chunk_label":"unnamed-chunk-9"},{"row":259,"row_count":1,"visible":true,"expansion_state":0,"options":{},"document_id":"7DBF16E8","chunk_id":"cq220h8p0zb71","chunk_label":"unnamed-chunk-10"},{"row":272,"row_count":1,"visible":true,"expansion_state":0,"options":{},"document_id":"7DBF16E8","chunk_id":"ckjpr2e5y6829","chunk_label":"unnamed-chunk-11"},{"row":281,"row_count":1,"visible":true,"expansion_state":0,"options":{},"document_id":"7DBF16E8","chunk_id":"czhlxciepm9ew","chunk_label":"unnamed-chunk-12"},{"row":297,"row_count":1,"visible":true,"expansion_state":0,"options":{},"document_id":"7DBF16E8","chunk_id":"co6hu6bltqof0","chunk_label":"unnamed-chunk-13"},{"row":315,"row_count":1,"visible":true,"expansion_state":0,"options":{},"document_id":"7DBF16E8","chunk_id":"cjpcxwzwa4d2o","chunk_label":"unnamed-chunk-14"},{"row":326,"row_count":1,"visible":true,"expansion_state":0,"options":{},"document_id":"7DBF16E8","chunk_id":"cw192vz2yfhxq","chunk_label":"unnamed-chunk-15"},{"row":335,"row_count":1,"visible":true,"expansion_state":0,"options":{},"document_id":"7DBF16E8","chunk_id":"clc3mg2gj8s1i","chunk_label":"unnamed-chunk-16"},{"row":345,"row_count":1,"visible":true,"expansion_state":0,"options":{},"document_id":"7DBF16E8","chunk_id":"cnl0uifih5sy1","chunk_label":"unnamed-chunk-17"},{"row":362,"row_count":1,"visible":true,"expansion_state":0,"options":{},"document_id":"7DBF16E8","chunk_id":"cfohes62e05ax","chunk_label":"unnamed-chunk-18"},{"row":373,"row_count":1,"visible":true,"expansion_state":0,"options":{},"document_id":"7DBF16E8","chunk_id":"cr1se96up65tt","chunk_label":"unnamed-chunk-19"},{"row":382,"row_count":1,"visible":true,"expansion_state":0,"options":{},"document_id":"7DBF16E8","chunk_id":"c37vvqfipvhrf","chunk_label":"unnamed-chunk-20"},{"row":394,"row_count":1,"visible":true,"expansion_state":0,"options":{},"document_id":"7DBF16E8","chunk_id":"cku7sjmq3vlev","chunk_label":"unnamed-chunk-21"},{"row":410,"row_count":1,"visible":true,"expansion_state":0,"options":{},"document_id":"7DBF16E8","chunk_id":"cgaw8eo25gnkz","chunk_label":"unnamed-chunk-22"},{"row":423,"row_count":1,"visible":true,"expansion_state":0,"options":{},"document_id":"7DBF16E8","chunk_id":"clfsto6kxz1im","chunk_label":"unnamed-chunk-23"},{"row":432,"row_count":1,"visible":true,"expansion_state":0,"options":{},"document_id":"7DBF16E8","chunk_id":"c4ztm7lxhzwhl","chunk_label":"unnamed-chunk-24"},{"row":443,"row_count":1,"visible":true,"expansion_state":0,"options":{},"document_id":"7DBF16E8","chunk_id":"cchogcxwffxki","chunk_label":"unnamed-chunk-25"},{"row":461,"row_count":1,"visible":true,"expansion_state":0,"options":{},"document_id":"7DBF16E8","chunk_id":"cn9uhtetfykg7","chunk_label":"unnamed-chunk-26"},{"row":472,"row_count":1,"visible":true,"expansion_state":0,"options":{},"document_id":"7DBF16E8","chunk_id":"chcl3ievk1x3j","chunk_label":"unnamed-chunk-27"},{"row":481,"row_count":1,"visible":true,"expansion_state":0,"options":{},"document_id":"7DBF16E8","chunk_id":"cafh63ixqshq5","chunk_label":"unnamed-chunk-28"},{"row":493,"row_count":1,"visible":true,"expansion_state":0,"options":{},"document_id":"7DBF16E8","chunk_id":"c23o6cexfg6p4","chunk_label":"unnamed-chunk-29"},{"row":503,"row_count":1,"visible":true,"expansion_state":0,"options":{"engine":"r","label":"unnamed-chunk-24"},"document_id":"7DBF16E8","chunk_id":"cd1dxsqy617aa","chunk_label":"unnamed-chunk-30"},{"row":508,"row_count":1,"visible":true,"expansion_state":0,"options":{"engine":"r","echo":false,"label":"unnamed-chunk-25"},"document_id":"7DBF16E8","chunk_id":"cin4v299tujzp","chunk_label":"unnamed-chunk-31"},{"row":520,"row_count":1,"visible":true,"expansion_state":0,"options":{"engine":"r","echo":false,"fig.align":"center","label":"unnamed-chunk-26"},"document_id":"7DBF16E8","chunk_id":"c3zmj83b0udpm","chunk_label":"unnamed-chunk-32"},{"row":547,"row_count":1,"visible":true,"expansion_state":0,"options":{"engine":"r","echo":false,"fig.align":"center","label":"unnamed-chunk-29"},"document_id":"7DBF16E8","chunk_id":"cgwg660t64yq5","chunk_label":"unnamed-chunk-34"},{"row":556,"row_count":1,"visible":true,"expansion_state":0,"options":{"engine":"r","echo":false,"label":"unnamed-chunk-27"},"document_id":"7DBF16E8","chunk_id":"ccop68oddvwpl","chunk_label":"unnamed-chunk-35"},{"row":568,"row_count":1,"visible":true,"expansion_state":0,"options":{"engine":"r","echo":false,"fig.align":"center","label":"unnamed-chunk-28"},"document_id":"7DBF16E8","chunk_id":"cmyd5p9ntrxix","chunk_label":"unnamed-chunk-36"},{"row":584,"row_count":1,"visible":true,"expansion_state":0,"options":{"engine":"r","echo":false,"fig.align":"center","label":"unnamed-chunk-30"},"document_id":"7DBF16E8","chunk_id":"ct8wmdgw4uenx","chunk_label":"unnamed-chunk-37"},{"row":606,"row_count":1,"visible":true,"expansion_state":0,"options":{"engine":"r","echo":false,"label":"unnamed-chunk-31"},"document_id":"7DBF16E8","chunk_id":"cvxh5o9j7uhzy","chunk_label":"unnamed-chunk-39"},{"row":621,"row_count":1,"visible":true,"expansion_state":0,"options":{"engine":"r","echo":false,"fig.align":"center","label":"unnamed-chunk-32"},"document_id":"7DBF16E8","chunk_id":"czdjprkbzjcnk","chunk_label":"unnamed-chunk-40"}],"doc_write_time":1659754210}